product id,product name,Totalquantity,category id
1,Coffee Guatemala Dark,37,2
2,Broom And Brush Rack Black,31,4
3,Noodles - Cellophane Thin,25,1
4,Wine - White  French Cross,30,5
5,Wine - Champagne Brut Veuve,17,4
6,Beef - Rouladin  Sliced,47,2
7,Broom - Angled,21,5
8,Soup - Campbells  Beef Barley,31,3
9,Cheese - Cheddar With Claret,14,6
10,Table Cloth 53x69 White,42,1
11,Milk - Homo,30,3
12,Beef - Striploin Aa,36,6
13,Yogurt - Plain,32,6
14,Ecolab Silver Fusion,20,6
15,Muffin - Bran Ind Wrpd,27,5
16,Ham - Cooked Bayonne Tinned,20,3
17,Bread - Roll  Calabrese,18,2
18,Aspic - Light,28,5
19,Honey - Liquid,18,7
20,Venison - Ground,30,4
21,Tomatoes - Roma,42,3
22,Tea - Honey Green Tea,42,7
23,Apron,48,5
24,Wine - Lamancha Do Crianza,24,4
25,Bread Base - Goodhearth,21,4
26,Soup - Cream Of Potato / Leek,38,7
27,Nut - Pecan  Pieces,48,3
28,Sauce - White  Mix,47,7
29,Oregano - Fresh,40,3
30,Corn - Mini,26,6
31,Ice Cream Bar - Oreo Cone,17,3
32,Pasta - Fettuccine  Dry,49,4
33,Coke - Diet  355 Ml,37,2
34,Flounder - Fresh,43,2
35,Plastic Arrow Stir Stick,30,6
36,Ice Cream - Strawberry,47,2
37,Egg Patty Fried,18,4
38,Kumquat,24,6
39,Sugar - Sweet N Low  Individual,24,4
40,Tofu - Firm,28,5
41,Soup - Verve - Chipotle Chicken,17,1
42,Soup - Base Broth Chix,35,6
43,Easy Off Oven Cleaner,47,4
44,Long Island Ice Tea,34,4
45,Appetizer - Tarragon Chicken,45,4
46,Wine - Red  Cabernet Sauvignon,17,1
47,Mousse - Mango,18,4
48,Dc Hikiage Hira Huba,19,1
49,Cookies - Amaretto,48,1
50,Pasta - Agnolotti - Butternut,19,4
51,Syrup - Monin - Granny Smith,43,1
52,Bread - Triangle White,34,5
53,Sprouts - Onion,11,4
54,Muffin Mix - Morning Glory,24,3
55,Wine - Saint - Bris 2002  Sauv,45,5
56,Muffin Hinge 117n,21,2
57,Pheasants - Whole,48,1
58,Grenadine,28,4
59,Grapes - Red,40,3
60,Carbonated Water - Cherry,17,5
61,Carbonated Water - Raspberry,46,5
62,Wine - Red  Pinot Noir  Chateau,17,4
63,Sauce - Marinara,18,1
64,Sugar - Fine,27,3
65,Pork - Butt  Boneless,44,2
66,Energy Drink Red Bull,33,4
67,Muffin Batt - Ban Dream Zero,47,7
68,Chinese Lemon Pork,39,2
69,Wine - Riesling Dr. Pauly,38,3
70,Cheese - Sheep Milk,12,4
71,Plastic Arrow Stir Stick,18,3
72,Wine - Sicilia Igt Nero Avola,33,1
73,Wine - Ruffino Chianti,21,1
74,Nestea - Iced Tea,32,5
75,Maple Syrup,48,3
76,Potatoes - Pei 10 Oz,39,1
77,Pernod,26,6
78,Wine - Vovray Sec Domaine Huet,11,3
79,Longos - Chicken Caeser Salad,46,6
80,Lemon Balm - Fresh,35,5
81,Cheese - Victor Et Berthold,48,1
82,Onions - Vidalia,49,2
83,Salmon - Fillets,33,1
84,Watercress,43,3
85,Foam Espresso Cup Plain White,31,4
86,Star Anise  Whole,30,3
87,Soup - Knorr  Ministrone,49,3
88,Fenngreek Seed,45,5
89,Calypso - Lemonade,15,6
90,Potatoes - Pei 10 Oz,50,5
91,Shrimp - Black Tiger 16/20,32,2
92,Jam - Raspberry,36,4
93,Lamb - Whole Head Off,26,6
94,Chicken - Whole Roasting,35,2
95,Chocolate - Sugar Free Semi Choc,14,3
96,Wine - Jafflin Bourgongone,14,2
97,Wine - Fume Blanc Fetzer,36,4
98,Herb Du Provence - Primerba,13,6
99,Appetizer - Sausage Rolls,28,1
100,Crab - Claws  26 - 30,35,3
101,Pears - Fiorelle,41,7
102,Chocolate - Semi Sweet,22,7
103,Muffin Mix - Chocolate Chip,22,1
104,Bread Cranberry Foccacia,12,6
105,Pectin,45,5
106,Wine - Wyndham Estate Bin 777,26,2
107,Steam Pan - Half Size Deep,42,2
108,Appetiser - Bought,15,4
109,Stock - Chicken  White,49,4
110,Bread - French Stick,38,3
111,Soup - Knorr  Veg / Beef,13,6
112,Cheese - Le Cheve Noir,23,2
113,Apple - Delicious  Golden,13,1
114,Sweet Pea Sprouts,27,4
115,Seedlings - Clamshell,28,5
116,Mushroom Morel Fresh,46,5
117,Ecolab Digiclean Mild Fm,46,7
118,Soup - Campbells  Classic Chix,41,4
119,Duck - Whole,21,4
120,Soup - Verve - Chipotle Chicken,44,2
121,Salmon - Sockeye Raw,29,6
122,Beets - Pickled,10,7
123,Ice Cream - Super Sandwich,48,3
124,Brandy - Bar,14,7
125,Crab - Meat,33,2
126,Bread Sour Rolls,43,5
127,Bananas,47,5
128,Shiro Miso,30,1
129,Calypso - Pineapple Passion,24,4
130,Dooleys Toffee,15,3
131,Wine - Red  Wolf Blass  Yellow,22,4
132,Apple - Delicious  Golden,30,2
133,Trout - Hot Smkd  Dbl Fillet,40,1
134,Table Cloth 120 Round White,49,2
135,Beef - Kindney  Whole,49,5
136,Wine - Red  Black Opal Shiraz,30,7
137,Mushroom - Crimini,41,3
138,Shrimp - 16 - 20 Cooked  Peeled,41,7
139,Breadfruit,18,4
140,Wine - Blue Nun Qualitatswein,29,2
141,Soup - Knorr  Chicken Gumbo,41,7
142,Oil - Food  Lacquer Spray,35,5
143,Goulash Seasoning,47,6
144,Wine - Masi Valpolocell,20,4
145,Wine - White  Concha Y Toro,35,5
146,Water - Spring Water  355 Ml,31,5
147,Wine - Harrow Estates  Vidal,39,7
148,Mini - Vol Au Vents,10,3
149,Sauce - Black Current  Dry Mix,20,7
150,Beer - Sleemans Cream Ale,49,1
151,Pimento - Canned,43,4
152,Onions - Vidalia,44,4
153,Coffee - Cafe Moreno,36,5
154,Wine - Sauvignon Blanc,27,1
155,Muffin Batt - Blueberry Passion,32,6
156,Vinegar - Tarragon,49,5
157,Soup - Knorr  French Onion,49,3
158,Syrup - Chocolate,46,1
159,Cookies - Englishbay Wht,32,3
160,Marzipan 50/50,18,6
161,Coffee - Decafenated,35,7
162,Cheese - Colby,26,6
163,Muffin - Bran Ind Wrpd,15,1
164,Soupfoamcont12oz 112con,10,6
165,Orange Roughy 4/6 Oz,31,5
166,Coconut - Shredded  Sweet,15,2
167,Wine - Casablanca Valley,49,2
168,Dried Cherries,39,4
169,Creme De Cacao Mcguines,42,5
170,Tea - Camomele,30,3
171,Parsley - Fresh,15,1
172,Juice - Apple  1.36l,42,4
173,Mix - Cocktail Strawberry Daiquiri,23,2
174,Longos - Penne With Pesto,13,4
175,Pasta - Rotini  Colour  Dry,21,1
176,Nantucket Orange Juice,30,2
177,Appetizer - Asian Shrimp Roll,26,2
178,Sugar - Monocystal / Rock,11,5
179,Tamarind Paste,12,3
180,Muffin Batt - Blueberry Passion,34,7
181,Kellogs Cereal In A Cup,31,3
182,Bagelers - Cinn / Brown,37,2
183,Crackers - Melba Toast,46,7
184,Bread - Roll  Soft White Round,13,2
185,Pepsi  355 Ml,30,4
186,Sage - Ground,48,5
187,Chicken - Whole,42,1
188,Table Cloth 81x81 Colour,21,3
189,Paper - Brown Paper Mini Cups,41,7
190,Veal Inside - Provimi,27,3
191,Chicken - Base,35,3
192,Sambuca Cream,11,3
193,Cape Capensis - Fillet,25,2
194,Olive - Spread Tapenade,24,2
195,Tea - English Breakfast,43,6
196,Sage - Rubbed,38,2
197,Red Snapper - Fillet  Skin On,47,7
198,Table Cloth 91x91 Colour,17,6
199,Beef - Top Sirloin,11,3
200,Soup - Campbells  Cream Of,37,1
201,Cheese - Ricotta,42,1
202,Wine - Fat Bastard Merlot,15,5
203,Spice - Greek 1 Step,20,5
204,Wine - Chianti Classica Docg,16,7
205,Cookie Double Choco,31,6
206,Beef Tenderloin Aaa,41,7
207,Oil - Safflower,24,5
208,Onions - Dried  Chopped,15,4
209,Pastry - Mini French Pastries,45,1
210,Broccoli - Fresh,17,5
211,Tea - Herbal I Love Lemon,32,4
212,Yogurt - Blueberry  175 Gr,33,5
213,Sardines,41,5
214,Cheese - Woolwich Goat  Log,50,3
215,Pernod,23,1
216,Garlic - Primerba  Paste,16,2
217,Soup - Knorr  Chicken Gumbo,10,2
218,Beer - Tetleys,46,3
219,Oil - Olive Bertolli,44,1
220,Flower - Leather Leaf Fern,36,7
221,Taro Root,16,7
222,V8 - Tropical Blend,50,3
223,Juice - Tomato  48 Oz,33,3
224,Cake - Lemon Chiffon,47,2
225,Wine - Sawmill Creek Autumn,19,7
226,Lamb - Rack,27,3
227,Gatorade - Lemon Lime,32,2
228,Wine - German Riesling,45,4
229,Wine - Baron De Rothschild,32,2
230,Wine - Red  Wolf Blass  Yellow,46,5
231,Five Alive Citrus,22,4
232,Nut - Almond  Blanched  Sliced,34,1
233,Apple - Northern Spy,15,5
234,Wine - Ej Gallo Sierra Valley,14,2
235,Pasta - Linguini  Dry,26,1
236,Oranges - Navel  72,15,3
237,Island Oasis - Ice Cream Mix,13,5
238,Hinge W Undercut,18,3
239,Soup - Tomato Mush. Florentine,28,2
240,Beer - Blue Light,46,2
241,Duck - Fat,24,4
242,Snails - Large Canned,15,5
243,Lighter - Bbq,16,4
244,Sugar - Brown,31,2
245,Artichokes - Knobless  White,40,1
246,Vodka - Smirnoff,33,7
247,Tomatoes - Hot House,13,5
248,French Pastry - Mini Chocolate,16,2
249,Hipnotiq Liquor,28,2
250,Muffin Hinge - 211n,45,6
251,Eggroll,46,1
252,Mop Head - Cotton  24 Oz,29,1
253,Wine - Rosso Toscano Igt,29,7
254,Langers - Cranberry Cocktail,42,7
255,Amaretto,13,4
256,Wine - Penfolds Koonuga Hill,38,1
257,Squid Ink,26,4
258,Wine - White  Riesling  Henry Of,50,4
259,Radish - Black  Winter  Organic,38,4
260,Vinegar - Red Wine,33,6
261,Pastry - Plain Baked Croissant,11,4
262,Pastry - Banana Tea Loaf,27,3
263,Iced Tea - Lemon  460 Ml,43,1
264,Apple - Fuji,32,4
265,Lid - Translucent  3.5 And 6 Oz,50,2
266,Coconut - Shredded  Unsweet,15,3
267,Club Soda - Schweppes  355 Ml,44,6
268,Sugar - Palm,31,3
269,Rappini - Andy Boy,16,1
270,Wine - Toasted Head,48,7
271,Wine - Red  Gamay Noir,42,7
272,Soy Protein,31,4
273,Garlic - Primerba  Paste,16,6
274,Pork - Shoulder,42,5
275,Canadian Emmenthal,16,1
276,Marjoram - Fresh,37,6
277,Seabream Whole Farmed,16,1
278,Sauce - Caesar Dressing,39,6
279,Flour - Whole Wheat,47,4
280,Beer - Camerons Cream Ale,11,5
281,Appetizer - Escargot Puff,15,4
282,Salsify  Organic,35,3
283,Longos - Greek Salad,35,4
284,Lamb Rack - Ontario,17,1
285,Tea - Vanilla Chai,13,4
286,Ranchero - Primerba  Paste,49,7
287,Tea - Apple Green Tea,25,3
288,Appetizer - Chicken Satay,12,4
289,Okra,27,3
290,Zucchini - Mini  Green,48,5
291,Wine - Shiraz South Eastern,41,2
292,Appetizer - Asian Shrimp Roll,43,6
293,Pasta - Rotini  Dry,18,4
294,Wine - Crozes Hermitage E.,48,3
295,Spoon - Soup  Plastic,32,5
296,Pasta - Penne  Rigate  Dry,37,7
297,Mushroom - Chantrelle  Fresh,19,6
298,Water - Mineral  Carbonated,38,3
299,Sausage - Meat,41,2
300,Sugar - Individual Portions,49,3
301,Lettuce - Frisee,34,6
302,Wine - White  Concha Y Toro,11,2
303,Cake - Pancake,21,4
304,Turkey Tenderloin Frozen,15,6
305,Salmon - Sockeye Raw,12,7
306,Vinegar - Tarragon,36,6
307,Calypso - Strawberry Lemonade,15,5
308,Milk - Condensed,37,3
309,Poppy Seed,17,5
310,V8 - Berry Blend,27,6
311,Shrimp - 16 - 20 Cooked  Peeled,16,7
312,Crush - Cream Soda,48,3
313,Cucumber - Pickling Ontario,28,7
314,Chicken - Tenderloin,30,4
315,Foam Tray S2,10,7
316,Lamb - Shoulder  Boneless,21,5
317,Mustard - Dijon,40,4
318,Truffle Cups Green,42,5
319,Cheese - Cheddar  Old White,42,4
320,Mushroom - Enoki  Fresh,22,2
321,Vodka - Hot  Lnferno,16,6
322,Bread - Hamburger Buns,16,1
323,Lotus Root,37,2
324,Longan,18,6
325,Strawberries - California,21,4
326,Soup - Campbells Tomato Ravioli,11,1
327,Yucca,15,4
328,Wine - White  Pinot Grigio,16,7
329,Shrimp  Dried  Small / Lb,35,2
330,Sauce - Sesame Thai Dressing,50,7
331,Wine - Carmenere Casillero Del,47,5
332,Wine - Cave Springs Dry Riesling,39,2
333,Propel Sport Drink,41,5
334,Champagne - Brights  Dry,19,3
335,Phyllo Dough,23,5
336,Wine - Cotes Du Rhone,29,7
337,Dr. Pepper - 355ml,44,2
338,Lamb Shoulder Boneless Nz,48,3
339,Beef - Kobe Striploin,13,1
340,Teriyaki Sauce,47,7
341,Wine - Malbec Trapiche Reserve,39,5
342,Flower - Leather Leaf Fern,25,5
343,Chocolate - Sugar Free Semi Choc,38,1
344,Longos - Penne With Pesto,28,3
345,Wine - Mas Chicet Rose  Vintage,36,3
346,Sour Puss - Tangerine,28,2
347,Halibut - Fletches,18,3
348,Wine - Chianti Classica Docg,28,3
349,Sage Derby,24,2
350,Island Oasis - Raspberry,30,2
351,Muskox - French Rack,20,3
352,Celery,44,5
353,Cognac - Courvaisier,11,4
354,Buffalo - Striploin,21,6
355,Chips - Assorted,12,7
356,Squash - Pepper,50,4
357,Island Oasis - Banana Daiquiri,47,6
358,Food Colouring - Pink,14,6
359,Beer - Tetleys,38,7
360,Flour - Rye,18,4
361,Lid - 10 12 16 Oz,49,3
362,Yams,31,2
363,Juice - Prune,35,3
364,Ice Cream - Chocolate,18,2
365,Daikon Radish,47,5
366,Bread Bowl Plain,36,7
367,Lamb Leg - Bone - In Nz,18,4
368,Almonds Ground Blanched,21,4
369,Chicken Giblets,33,4
370,Oil - Sesame,16,2
371,Pate - Cognac,40,4
372,Table Cloth 53x53 White,47,6
373,Paper - Brown Paper Mini Cups,37,1
374,Pasta - Bauletti  Chicken White,48,5
375,Irish Cream - Baileys,18,6
376,Mushroom Morel Fresh,15,3
377,Nutmeg - Ground,38,3
378,Lettuce - Sea / Sea Asparagus,49,2
379,Muffin Batt - Carrot Spice,30,7
380,Compound - Rum,20,2
381,Bread - Pita  Mini,21,7
382,Fish - Scallops  Cold Smoked,16,3
383,Wine - Acient Coast Caberne,26,1
384,Black Currants,50,2
385,Tart Shells - Sweet  3,12,2
386,Pepper - Cayenne,25,5
387,Devonshire Cream,21,2
388,Split Peas - Yellow  Dry,13,1
389,Wine - Red  Black Opal Shiraz,18,1
390,Cranberry Foccacia,27,6
391,Rye Special Old,44,5
392,Juice - Orangina,48,1
393,Cookie - Dough Variety,27,4
394,Pumpkin - Seed,42,3
395,Cafe Royale,19,1
396,Nescafe - Frothy French Vanilla,20,1
397,Vacuum Bags 12x16,46,1
398,Beer - Molson Excel,30,7
399,Pepper - Chili Powder,42,1
400,Appetizer - Asian Shrimp Roll,25,3
401,Cardamon Seed / Pod,47,2
402,Emulsifier,48,1
403,Cheese - Perron Cheddar,44,7
404,Pastry - Choclate Baked,37,2
405,Juice - Pineapple  341 Ml,21,7
406,Pesto - Primerba  Paste,42,4
407,Wine - White  Concha Y Toro,21,4
408,Quinoa,22,5
409,Sambuca - Opal Nera,13,7
410,Cake Circle  Foil  Scallop,36,2
411,Yoghurt Tubes,43,3
412,Oven Mitts 17 Inch,33,5
413,Icecream - Dstk Super Cone,27,6
414,Bread - Wheat Baguette,48,1
415,Pork - Bacon  Sliced,31,3
416,Cheese - Gouda Smoked,10,6
417,Aspic - Light,11,7
418,Salmon - Smoked  Sliced,21,3
419,Towel Dispenser,43,3
420,Gatorade - Cool Blue Raspberry,16,6
421,Plasticforkblack,19,1
422,Turnip - Wax,37,2
423,Soup - Campbells Beef Noodle,39,1
424,Red Currants,43,2
425,Longos - Assorted Sandwich,45,3
426,Wine - Chablis 2003 Champs,32,3
427,Tuna - Sushi Grade,27,2
428,Wine - Saint - Bris 2002  Sauv,13,4
429,Radish - Pickled,43,6
430,Coconut - Shredded  Unsweet,12,5
431,Cheese - Ermite Bleu,26,7
432,Pasta - Fusili  Dry,43,6
433,Macaroons - Homestyle Two Bit,41,4
434,Muffin Mix - Morning Glory,10,2
435,Vaccum Bag 10x13,36,5
436,Containter - 3oz Microwave Rect.,25,4
437,Wine - Periguita Fonseca,27,3
438,Mustard - Dry  Powder,46,2
439,Appetizer - Cheese Bites,16,1
440,Quail Eggs - Canned,24,1
441,Oil - Sesame,24,2
442,Jolt Cola - Electric Blue,37,4
443,Anchovy In Oil,23,3
444,Whmis - Spray Bottle Trigger,39,2
445,Compound - Orange,47,4
446,Oven Mitts 17 Inch,24,1
447,Sauce - Ranch Dressing,28,7
448,Wine - Gato Negro Cabernet,43,2
449,Cheese - Provolone,49,2
450,Sage Ground Wiberg,46,5
451,Beer - Camerons Auburn,50,6
452,Water - Perrier,49,2
453,Potatoes - Instant  Mashed,27,2
454,Contreau,43,5
455,Longos - Cheese Tortellini,40,6
456,Wine - Zinfandel Rosenblum,25,1
457,Cabbage - Red,16,3
458,Calaloo,49,2
459,Pepper - Scotch Bonnet,49,2
460,Muffin Orange Individual,19,7
461,Capon - Breast  Double  Wing On,11,4
462,Wine - Saint - Bris 2002  Sauv,18,1
463,Lid - High Heat  Super Clear,29,1
464,Soup - Knorr  Veg / Beef,25,1
465,Cheese - Brie  Cups 125g,34,2
466,Chips Potato All Dressed - 43g,38,1
467,Wine - Savigny - Les - Beaune,31,6
468,Pepper - Chilli Seeds Mild,50,5
469,Bread Ww Cluster,33,5
470,Fenngreek Seed,22,4
471,Coconut - Shredded  Sweet,14,6
472,Wine - Red  Gallo  Merlot,45,1
473,Marjoram - Fresh,16,7
474,Appetiser - Bought,41,6
475,Beer - Alexander Kieths  Pale Ale,18,5
476,Soap - Mr.clean Floor Soap,25,2
477,Wine - Bouchard La Vignee Pinot,30,5
478,Cheese - Cottage Cheese,44,3
479,Vinegar - White,39,2
480,Napkin - Dinner  White,31,6
481,Food Colouring - Blue,31,4
482,Island Oasis - Cappucino Mix,31,5
483,Chicken - Whole Fryers,23,3
484,Chickhen - Chicken Phyllo,17,6
485,Wine - Red Oakridge Merlot,49,1
486,Pork - Side Ribs,47,6
487,Broom Handle,27,5
488,Wine - Zinfandel California 2002,12,3
489,Bread - Bagels  Plain,23,2
490,Cookie Chocolate Chip With,23,4
491,Soup Campbells - Tomato Bisque,21,1
492,Table Cloth 62x120 Colour,11,2
493,Chinese Foods - Plain Fried Rice,12,3
494,Carbonated Water - Raspberry,24,7
495,Muffin - Zero Transfat,23,2
496,Beef - Tenderloin Tails,46,7
497,Sauce - Hollandaise,15,5
498,Ecolab - Orange Frc  Cleaner,41,6
499,Paper Towel Touchless,28,5
500,Sausage - Breakfast,14,5
501,Pasta - Agnolotti - Butternut,24,7
502,Wine - Alicanca Vinho Verde,13,1
503,Olives - Black  Pitted,45,5
504,Cake - Cheese Cake 9 Inch,25,7
505,Hagen Daza - Dk Choocolate,31,3
506,Kellogs Cereal In A Cup,36,3
507,Tomatoes - Diced  Canned,45,7
508,Cheese - La Sauvagine,41,7
509,Wine - Jaboulet Cotes Du Rhone,31,3
510,Coffee - 10oz Cup 92961,29,2
511,Wine - Red  Gamay Noir,48,1
512,Snapple Lemon Tea,44,6
513,Cheese - Victor Et Berthold,10,6
514,Lamb - Whole Head Off nz,37,6
515,Ham - Black Forest,11,1
516,Wine - Baron De Rothschild,16,2
517,Lettuce - Lambs Mash,22,4
518,Tea - Apple Green Tea,17,6
519,Bread - Olive,10,3
520,Wine - Prem Select Charddonany,30,3
521,Coffee - Espresso,23,6
522,Tomatoes - Vine Ripe  Yellow,30,1
523,Filling - Mince Meat,50,4
524,Paper - Brown Paper Mini Cups,44,3
525,Glass Clear 7 Oz Xl,36,5
526,Lamb Tenderloin Nz Fr,36,4
527,Mussels - Cultivated,50,7
528,Silicone Parch. 16.3x24.3,23,6
529,Flour - Bran  Red,30,2
530,Pumpkin - Seed,27,4
531,Piping Jelly - All Colours,22,6
532,Trueblue - Blueberry,39,6
533,Carrots - Purple  Organic,46,1
534,Beef - Tenderloin - Aa,37,3
535,Wine - Remy Pannier Rose,29,3
536,Paste - Black Olive,27,4
537,Container Clear 8 Oz,40,4
538,Versatainer Nc - 8288,28,5
539,Energy Drink Red Bull,10,4
540,Chocolate - Sugar Free Semi Choc,37,3
541,Mushroom - Chanterelle Frozen,17,1
542,Cookie Dough - Chunky,48,6
543,Lettuce - Frisee,49,3
544,Lettuce - Romaine,14,1
545,Soupcontfoam16oz 116con,48,7
546,Baking Soda,46,1
547,Mortadella,30,2
548,Table Cloth 91x91 Colour,14,4
549,Vermouth - Sweet  Cinzano,15,2
550,Frangelico,11,4
551,Wine La Vielle Ferme Cote Du,34,2
552,Blueberries - Frozen,24,6
553,Assorted Desserts,20,5
554,Juice - Ocean Spray Cranberry,39,3
555,Squash - Pattypan  Yellow,11,7
556,Raspberries - Fresh,46,2
557,Bread - Raisin Walnut Pull,40,4
558,Coffee Swiss Choc Almond,19,1
559,Blueberries - Frozen,50,6
560,Fish - Bones,43,1
561,Macaroons - Homestyle Two Bit,27,7
562,Wine - Magnotta - Red  Baco,11,3
563,Capon - Whole,37,6
564,Cake Slab,21,3
565,Oven Mitts - 15 Inch,48,7
566,Wine - Prosecco Valdobienne,49,2
567,Okra,16,4
568,Cheese - Roquefort Pappillon,13,5
569,Flavouring - Orange,17,3
570,Teriyaki Sauce,14,4
571,Mushroom - Oyster  Fresh,33,5
572,Pasta - Penne  Lisce  Dry,41,4
573,Bread - Frozen Basket Variety,34,5
574,Milk - Homo,32,6
575,Beef - Tongue  Cooked,26,1
576,Vodka - Lemon  Absolut,19,6
577,Appetizer - Mini Egg Roll  Shrimp,40,3
578,Danishes - Mini Raspberry,31,4
579,Muffin Mix - Blueberry,19,3
580,Dasheen,39,4
581,Carrots - Purple  Organic,37,6
582,Shiratamako - Rice Flour,45,2
583,Soup - French Onion,28,7
584,Filling - Mince Meat,44,5
585,Plate Pie Foil,49,4
586,Cheese - Mozzarella  Shredded,20,6
587,Lobster - Live,36,1
588,Shrimp - 16/20  Iqf  Shell On,19,5
589,Pork - Back  Long Cut  Boneless,18,1
590,Ice Cream - Super Sandwich,18,3
591,Wheat - Soft Kernal Of Wheat,11,5
592,Bread Crumbs - Japanese Style,42,1
593,Mousse - Passion Fruit,15,5
594,Lemonade - Pineapple Passion,21,3
595,Soup - Cream Of Potato / Leek,45,3
596,Pear - Halves,21,1
597,Beer - Alexander Kieths  Pale Ale,45,7
598,Salsify  Organic,15,7
599,Cake - Bande Of Fruit,17,5
600,Butter Ripple - Phillips,32,5
601,Coffee - Frthy Coffee Crisp,39,3
602,Cheese - Comte,31,6
603,Sesame Seed,26,6
604,Pasta - Lasagne  Fresh,50,2
605,Truffle Paste,35,5
606,Milk - Homo,31,1
607,Whmis - Spray Bottle Trigger,11,7
608,Compound - Strawberry,45,4
609,Wine - White  Pelee Island,17,1
610,Soup Campbells Turkey Veg.,15,4
611,Container - Hngd Cll Blk 7x7x3,17,3
612,Extract - Raspberry,36,6
613,Bread - Dark Rye,22,3
614,Chicken - Wings  Tip Off,16,4
615,Shark - Loin,33,1
616,Chutney Sauce - Mango,20,4
617,Silicone Parch. 16.3x24.3,46,6
618,Vodka - Hot  Lnferno,36,2
619,Water - Spring Water  355 Ml,36,1
620,Bread Sour Rolls,11,7
621,Corn - Cream  Canned,42,7
622,Beer - Upper Canada Light,25,1
623,Snapple Raspberry Tea,45,1
624,Venison - Racks Frenched,35,1
625,Cookies - Assorted,49,4
626,Currants,14,4
627,Milk - Chocolate 500ml,36,2
628,Pork - Bacon  Double Smoked,47,6
629,Sour Cream,50,6
630,Tuna - Sushi Grade,50,7
631,Water - Aquafina Vitamin,32,4
632,Wine - Chardonnay South,46,5
633,Wiberg Super Cure,38,5
634,Lettuce - Romaine,27,4
635,Sugar - Splenda Sweetener,45,7
636,C - Plus  Orange,21,7
637,The Pop Shoppe - Lime Rickey,34,3
638,Buffalo - Tenderloin,44,3
639,Yoplait - Strawbrasp Peac,30,7
640,Wine - Casillero Del Diablo,22,2
641,Zucchini - Yellow,21,7
642,Wine - White  Concha Y Toro,45,6
643,Sauce - Hp,50,2
644,Chocolate Bar - Oh Henry,40,4
645,Coffee - Ristretto Coffee Capsule,23,6
646,Kellogs Raisan Bran Bars,11,3
647,Nantucket Pine Orangebanana,40,7
648,Muffin Hinge 117n,13,4
649,Scampi Tail,20,7
650,Pasta - Gnocchi  Potato,48,4
651,Compound - Orange,35,4
652,Chocolate - Pistoles  Lactee  Milk,12,5
653,Crackers - Water,15,7
654,Wine - Chateau Aqueria Tavel,27,2
655,Chocolate - Milk Coating,43,7
656,Cheese - Wine,19,7
657,Lid Tray - 12in Dome,28,4
658,Haggis,33,5
659,Pickles - Gherkins,39,7
660,Steampan Lid,16,7
661,Sprite  Diet - 355ml,20,1
662,Chocolate - Liqueur Cups With Foil,30,7
663,Doilies - 8  Paper,24,5
664,Barramundi,33,7
665,Vodka - Moskovskaya,14,6
666,Oil - Peanut,34,6
667,Devonshire Cream,22,5
668,Uniform Linen Charge,31,3
669,Sprite - 355 Ml,18,6
670,Shopper Bag - S - 4,10,5
671,Fish - Scallops  Cold Smoked,33,2
672,Tomatoes - Heirloom,37,1
673,Chocolate Eclairs,10,7
674,Cookie Dough - Peanut Butter,43,7
675,Quail - Eggs  Fresh,27,2
676,Chilli Paste  Ginger Garlic,44,3
677,Lid Coffee Cup 8oz Blk,35,6
678,Muffin Mix - Oatmeal,12,7
679,Island Oasis - Raspberry,29,1
680,Rhubarb,21,1
681,Bread - Flat Bread,11,7
682,Quail Eggs - Canned,24,2
683,Beef Tenderloin Aaa,29,6
684,Ecolab - Power Fusion,35,5
685,Tomatoes - Grape,33,7
686,Sambuca - Ramazzotti,34,3
687,Wine - White  Gewurtzraminer,18,1
688,Blue Curacao - Marie Brizard,21,7
689,Bread - Dark Rye  Loaf,11,7
690,Nantucket - Kiwi Berry Cktl.,40,2
691,Lettuce - Red Leaf,28,3
692,Muffin Mix - Blueberry,33,3
693,Kellogs Raisan Bran Bars,36,5
694,Appetizer - Sausage Rolls,47,4
695,Sole - Fillet,17,4
696,Allspice - Jamaican,39,6
697,Lemonade - Kiwi  591 Ml,30,5
698,Mushroom - Chanterelle Frozen,12,7
699,Juice - Ocean Spray Kiwi,12,6
700,Rum - Dark  Bacardi  Black,23,4
701,Cheese Cloth No 100,48,1
702,Ice Cream - Fudge Bars,12,5
703,Beef - Ground  Extra Lean  Fresh,21,7
704,Wine - Cotes Du Rhone,35,2
705,Veal Inside - Provimi,43,3
706,Chocolate - Semi Sweet,23,4
707,Fish - Base  Bouillion,26,2
708,Crackers Cheez It,23,7
709,Ginger - Pickled,15,1
710,Sauce - Demi Glace,38,3
711,Wine - Chablis J Moreau Et Fils,44,6
712,Cabbage - Green,43,6
713,Shrimp - 21/25  Peel And Deviened,45,3
714,Oil - Truffle  Black,45,7
715,Bananas,50,7
716,Tilapia - Fillets,37,1
717,Vacuum Bags 12x16,12,4
718,Sausage - Meat,23,6
719,Beef - Bones  Cut - Up,26,6
720,Pork - Bacon back Peameal,35,6
721,Crab Brie In Phyllo,38,6
722,Buffalo - Short Rib Fresh,26,6
723,Cheese - St. Paulin,31,5
724,Lemonade - Strawberry  591 Ml,16,3
725,Muffin Mix - Banana Nut,14,1
726,Hagen Daza - Dk Choocolate,39,3
727,Magnotta Bel Paese Red,46,4
728,Flower - Leather Leaf Fern,38,4
729,Browning Caramel Glace,43,6
730,Table Cloth 54x72 White,26,5
731,Olives - Morracan Dired,23,1
732,Soup - Knorr  Classic Can. Chili,42,3
733,Lamb - Leg  Boneless,40,5
734,Peppercorns - Pink,30,2
735,Ham - Virginia,42,6
736,Lamb Rack - Ontario,30,7
737,Vinegar - White Wine,35,7
738,Garbag Bags - Black,10,1
739,Stock - Chicken  White,35,3
740,Compound - Mocha,19,7
741,Lettuce - Treviso,32,6
742,Wine - Penfolds Koonuga Hill,43,6
743,Sprouts - Bean,20,7
744,Lid - High Heat  Super Clear,41,4
745,Tray - 12in Rnd Blk,17,1
746,Plaintain,37,4
747,Trueblue - Blueberry 12x473ml,21,5
748,Appetizer - Smoked Salmon / Dill,30,1
749,Carbonated Water - Blackberry,43,7
750,Beef - Sushi Flat Iron Steak,45,4
751,Pepper - Chillies  Crushed,45,4
752,Mousse - Banana Chocolate,34,5
753,Potatoes - Yukon Gold  80 Ct,16,5
754,Wine - Spumante Bambino White,14,3
755,Stock - Beef  Brown,47,6
756,Wine - Barossa Valley Estate,32,3
757,Ecolab - Medallion,18,1
758,Celery,19,3
759,Dill Weed - Fresh,30,4
760,Sauce Tomato Pouch,23,7
761,Artichokes - Knobless  White,18,4
762,Rice - Jasmine Sented,24,7
763,Scallops - In Shell,15,5
764,Soup - Clam Chowder  Dry Mix,25,2
765,Spinach - Baby,38,5
766,Sauce - Bernaise  Mix,33,3
767,Soup - Beef Conomme  Dry,16,3
768,Soup Campbells Turkey Veg.,43,3
769,Juice - V8  Tomato,30,6
770,Marjoram - Fresh,24,6
771,Wine - Cotes Du Rhone,35,6
772,Ecolab - Balanced Fusion,39,4
773,Campari,49,7
774,Tomatoes - Cherry  Yellow,24,5
775,Beef - Shank,36,5
776,Capon - Whole,48,4
777,Muffin Mix - Oatmeal,17,7
778,Fish - Bones,50,1
779,Tea - Honey Green Tea,43,2
780,Capon - Whole,48,1
781,Ham - Cooked,23,6
782,Oven Mitts 17 Inch,30,2
783,Nantucket Orange Juice,22,7
784,Pie Shell - 9,13,6
785,Cookie Double Choco,13,3
786,Scotch - Queen Anne,29,1
787,Bread - Focaccia Quarter,22,2
788,Carrots - Jumbo,30,3
789,Crab - Dungeness  Whole,50,1
790,Yeast - Fresh  Fleischman,36,1
791,Bandage - Finger Cots,46,2
792,Wine - Acient Coast Caberne,49,3
793,Chick Peas - Dried,28,2
794,Fennel,42,4
795,Clam - Cherrystone,29,6
796,Mushroom - Porcini Frozen,47,1
797,Sauce - Chili,26,2
798,Chips Potato Salt Vinegar 43g,45,4
799,Wine - Rhine Riesling Wolf Blass,24,3
800,Tea - Earl Grey,47,2
801,Salmon Steak - Cohoe 6 Oz,26,4
802,Hickory Smoke  Liquid,22,2
803,Muffin Batt - Carrot Spice,22,1
804,V8 - Tropical Blend,39,5
805,Sansho Powder,10,7
806,Dried Figs,33,7
807,Spice - Onion Powder Granulated,38,7
808,Anchovy In Oil,16,4
809,Wine - Dubouef Macon - Villages,27,6
810,Nescafe - Frothy French Vanilla,46,7
811,Rice - Sushi,36,5
812,Muffin - Blueberry Individual,33,2
813,Puree - Mango,15,1
814,Apron,36,2
815,Ecolab Digiclean Mild Fm,49,3
816,Beef - Tenderloin,38,1
817,Cookie - Dough Variety,20,6
818,Lamb - Bones,40,4
819,Bread - Kimel Stick Poly,29,6
820,Lid Tray - 12in Dome,10,5
821,Honey - Liquid,39,4
822,Energy Drink Bawls,29,2
823,Nut - Pecan  Pieces,12,2
824,Flour - So Mix Cake White,35,3
825,Vinegar - Raspberry,48,5
826,Bread - Raisin Walnut Pull,45,6
827,Spring Roll Veg Mini,27,3
828,Bread - Multigrain  Loaf,31,6
829,Ecolab - Power Fusion,25,2
830,Fish - Soup Base  Bouillon,11,7
831,Dried Peach,27,1
832,Flower - Carnations,13,3
833,Tart - Pecan Butter Squares,35,1
834,Sponge Cake Mix - Chocolate,13,3
835,Vacuum Bags 12x16,48,1
836,Mushroom - Portebello,19,5
837,Wine - Ej Gallo Sonoma,25,7
838,Lid - 10 12 16 Oz,27,5
839,Wine - Domaine Boyar Royal,18,6
840,Snapple - Mango Maddness,13,7
841,Lemonade - Strawberry  591 Ml,31,5
842,Beer - Mcauslan Apricot,24,3
843,The Pop Shoppe - Lime Rickey,22,1
844,Yeast - Fresh  Fleischman,33,3
845,Sugar - Crumb,50,5
846,Hot Chocolate - Individual,47,7
847,Soup - Knorr  Ministrone,49,2
848,Coffee - Decafenated,16,1
849,Pork - Bacon  Double Smoked,16,2
850,Spice - Peppercorn Melange,11,2
851,Rootbeer,28,4
852,Wine - Guy Sage Touraine,14,3
853,Soup - Campbells  Cream Of,42,5
854,Lid - Translucent  3.5 And 6 Oz,20,3
855,Dried Cranberries,36,4
856,Cumin - Ground,17,2
857,Veal - Nuckle,34,1
858,Bag - Bread  White  Plain,10,5
859,Wine - Sicilia Igt Nero Avola,22,5
860,Beef - Rouladin  Sliced,26,3
861,Leeks - Baby  White,30,4
862,Cake - Pancake,21,5
863,Wine - Segura Viudas Aria Brut,33,2
864,Appetiser - Bought,45,4
865,Cinnamon Rolls,39,5
866,Sambuca - Opal Nera,39,7
867,Bread - 10 Grain Parisian,20,6
868,Pork - Smoked Kassler,25,7
869,Pastry - Baked Scones - Mini,35,3
870,Water - Mineral  Carbonated,18,2
871,Scallops 60/80 Iqf,45,3
872,Coke - Diet  355 Ml,49,5
873,Beef - Short Ribs,11,7
874,Wine - Tribal Sauvignon,46,7
875,Vinegar - Raspberry,27,6
876,Ecolab - Medallion,34,6
877,Banana Turning,14,5
878,Muffin - Mix - Mango Sour Cherry,48,5
879,Beer - Moosehead,24,4
880,Sauce - Cranberry,11,1
881,Swiss Chard,49,2
882,Aspic - Amber,12,4
883,Guinea Fowl,31,2
884,Onion Powder,39,7
885,Wine - Sicilia Igt Nero Avola,27,7
886,Mushroom - Oyster  Fresh,39,2
887,Cocktail Napkin Blue,12,3
888,Pasta - Cannelloni  Sheets  Fresh,40,4
889,Oil - Pumpkinseed,28,5
890,Lettuce - Romaine  Heart,33,3
891,Shark - Loin,43,3
892,Whmis - Spray Bottle Trigger,29,1
893,Wine - Crozes Hermitage E.,17,4
894,Appetizer - Escargot Puff,24,7
895,Foil - 4oz Custard Cup,26,3
896,Juice - Cranberry 284ml,35,6
897,V8 Splash Strawberry Kiwi,34,7
898,Wine - Muscadet Sur Lie,15,6
899,Wine - Remy Pannier Rose,31,4
900,Saskatoon Berries - Frozen,21,4
901,Cheese - Cambozola,18,7
902,Nantucket Pine Orangebanana,15,3
903,Cattail Hearts,42,2
904,Skewers - Bamboo,27,4
905,Salt And Pepper Mix - White,44,2
906,Bread - 10 Grain,25,4
907,Rum - Cream  Amarula,46,2
908,Puree - Passion Fruit,30,2
909,Grenadillo,14,3
910,Coffee - Espresso,35,5
911,Wine - Tio Pepe Sherry Fino,47,1
912,Steam Pan - Half Size Deep,11,3
913,Milk - Chocolate 500ml,40,7
914,Cheese - Ermite Bleu,44,3
915,Beef - Rouladin  Sliced,25,2
916,Wine - Magnotta - Cab Franc,45,5
917,Compound - Passion Fruit,17,3
918,Mussels - Frozen,47,6
919,Pie Shell - 9,33,2
920,Raspberries - Frozen,39,4
921,Mix - Cappucino Cocktail,14,7
922,Fennel - Seeds,20,4
923,Roe - Lump Fish  Red,49,4
924,Coffee - Cafe Moreno,37,5
925,Ginger - Crystalized,24,6
926,Pasta - Penne  Rigate  Dry,12,4
927,Bar Mix - Lemon,33,5
928,Tomatoes - Plum  Canned,27,5
929,Rolled Oats,21,1
930,Mustard - Seed,17,4
931,Veal - Provimi Inside,46,1
932,Cheese - Comte,33,5
933,Apple - Northern Spy,42,1
934,Beef - Short Ribs,37,2
935,Seabream Whole Farmed,34,5
936,Tart Shells - Sweet  3,24,5
937,Wine - Chateau Bonnet,49,1
938,Pancetta,19,1
939,Placemat - Scallop  White,30,6
940,Wine - Balbach Riverside,26,1
941,Ice Cream Bar - Hagen Daz,37,6
942,Sugar - Cubes,40,6
943,Vinegar - Balsamic  White,36,1
944,Grenadillo,36,6
945,Oil - Coconut,16,6
946,Papadam,39,6
947,Rum - Mount Gay Eclipes,39,7
948,Beets - Candy Cane  Organic,17,5
949,Lettuce Romaine Chopped,15,1
950,Vinegar - White Wine,43,2
951,Wine - Ruffino Chianti,48,4
952,Olive - Spread Tapenade,15,6
953,Beef - Tenderloin - Aa,31,7
954,Wine - Port Late Bottled Vintage,29,7
955,Honey - Lavender,13,6
956,Dc Hikiage Hira Huba,31,7
957,Kiwi,39,5
958,Wine - Domaine Boyar Royal,39,7
959,Ice Cream Bar - Hagen Daz,29,2
960,Veal - Brisket  Provimi bnls,37,1
961,White Baguette,27,3
962,Flour - Buckwheat  Dark,27,3
963,Lobster - Tail 6 Oz,47,1
964,Turnip - Mini,44,5
965,Tilapia - Fillets,22,2
966,Bacardi Breezer - Tropical,16,4
967,Vinegar - White Wine,19,5
968,Pork - European Side Bacon,14,3
969,Beef - Prime Rib Aaa,26,1
970,Beer - Heinekin,10,3
971,Coriander - Ground,19,6
972,Cream Of Tartar,27,1
973,Beer - Heinekin,44,4
974,Momiji Oroshi Chili Sauce,40,6
975,External Supplier,47,5
976,Tomatoes - Cherry,12,4
977,Juice - Orangina,42,3
978,Clams - Canned,41,3
979,Beef - Top Sirloin,49,4
980,Sauce - Hoisin,30,2
981,Food Colouring - Orange,18,4
982,Lemonade - Pineapple Passion,47,5
983,Pasta - Cappellini  Dry,34,6
984,Wooden Mop Handle,15,2
985,Cakes Assorted,38,2
986,Limes,47,7
987,Salt - Sea,35,6
988,Kumquat,35,3
989,Wiberg Cure,28,4
990,Sprouts - Peppercress,46,4
991,Parsley - Fresh,35,5
992,Iced Tea - Lemon  460 Ml,43,1
993,Soupfoamcont12oz 112con,26,7
994,Wine - Carmenere Casillero Del,25,2
995,Jam - Raspberry,17,1
996,Chicken - Breast  5 - 7 Oz,36,6
997,Cumin - Ground,20,2
998,Oil - Sesame,35,2
999,Passion Fruit,30,5
1000,Bread - Multigrain Oval,39,3
1001,Wine - White  French Cross,16,2
1002,Pate Pans Yellow,17,4
1003,Pastry - Chocolate Chip Muffin,41,1
1004,Pie Filling - Pumpkin,34,5
1005,Chick Peas - Canned,13,4
1006,Pate - Peppercorn,43,2
1007,Campari,22,5
1008,Wine - Prosecco Valdobiaddene,29,3
1009,Whmis Spray Bottle Graduated,17,6
1010,Beef Cheek Fresh,10,1
1011,Pie Box - Cello Window 2.5,13,3
1012,Tart - Pecan Butter Squares,32,6
1013,Bowl 12 Oz - Showcase 92012,32,6
1014,Rambutan,27,6
1015,Doilies - 12  Paper,24,5
1016,Soup - Campbells Tomato Ravioli,25,3
1017,Wine - White  Riesling  Semi - Dry,29,2
1018,Cheese - St. Andre,26,5
1019,Oil - Peanut,29,7
1020,Cup - 6oz  Foam,32,4
1021,Kellogs Raisan Bran Bars,25,3
1022,Steam Pan Full Lid,10,7
1023,Appetizer - Lobster Phyllo Roll,50,5
1024,Crab - Imitation Flakes,43,4
1025,Pastry - Carrot Muffin - Mini,14,4
1026,Food Colouring - Blue,44,7
1027,Pear - Halves,49,3
1028,Chocolate - Feathers,13,7
1029,Juice - Lime,16,3
1030,Higashimaru Usukuchi Soy,13,6
1031,Lobster - Baby  Boiled,10,3
1032,Chevril,31,4
1033,Honey - Liquid,26,2
1034,Spice - Montreal Steak Spice,49,2
1035,Parsley - Dried,48,6
1036,Lid - 10 12 16 Oz,20,2
1037,Wine - Wyndham Estate Bin 777,39,4
1038,Veal - Leg  Provimi - 50 Lb Max,41,6
1039,Bar Mix - Lime,13,4
1040,Oil - Truffle  Black,14,5
1041,Rum - Light  Captain Morgan,19,1
1042,Mustard - Dijon,14,6
1043,Cloves - Whole,46,4
1044,Chef Hat 20cm,23,4
1045,Noodles - Steamed Chow Mein,20,4
1046,Soup - Campbells  Beef Barley,14,1
1047,Sprouts - Bean,44,4
1048,Wine - Red  Cabernet Sauvignon,33,1
1049,Cheese - Sheep Milk,16,1
1050,Bok Choy - Baby,30,4
1051,Mousse - Mango,44,1
1052,Crab - Back Fin Meat  Canned,46,5
1053,Crab - Soft Shell,12,4
1054,Ice Cream Bar - Hageen Daz To,15,3
1055,Oil - Hazelnut,25,5
1056,Wonton Wrappers,22,2
1057,Veal - Brisket  Provimi bnls,42,1
1058,Lettuce - Belgian Endive,41,4
1059,Bread - Rolls  Corn,20,3
1060,Liquid Aminios Acid - Braggs,36,5
1061,Wine - White  French Cross,28,5
1062,Sprouts - Peppercress,32,4
1063,Cheese - Cheddar  Mild,30,1
1064,Shiro Miso,26,3
1065,Pomello,46,2
1066,Pork - Sausage  Medium,16,4
1067,Soup - Cream Of Potato / Leek,31,7
1068,Butter - Unsalted,31,2
1069,Cinnamon - Stick,22,3
1070,Potatoes - Parissienne,19,4
1071,Horseradish Root,26,3
1072,Grapes - Green,42,1
1073,Cake - Mini Cheesecake,39,1
1074,Lemons,43,5
1075,Jolt Cola - Electric Blue,46,3
1076,Cheese - Perron Cheddar,15,1
1077,Persimmons,48,6
1078,Coffee Cup 8oz 5338cd,34,3
1079,Wine - Vovray Sec Domaine Huet,25,6
1080,Syrup - Chocolate,46,5
1081,Chocolate - Milk Coating,41,1
1082,Peas - Frozen,21,2
1083,Tea - Lemon Scented,32,1
1084,Sausage - Andouille,28,3
1085,Lotus Rootlets - Canned,14,4
1086,Chutney Sauce,50,3
1087,Pasta - Linguini  Dry,31,3
1088,Muffin Batt - Ban Dream Zero,49,5
1089,Wine - Harrow Estates  Vidal,21,6
1090,Kellogs Special K Cereal,42,5
1091,Vinegar - Balsamic,28,2
1092,Remy Red Berry Infusion,47,4
1093,Cookies Almond Hazelnut,48,6
1094,Beer - Labatt Blue,20,2
1095,Lemonade - Mandarin  591 Ml,37,3
1096,Lobak,11,2
1097,Lettuce - Green Leaf,14,4
1098,Pepper - Orange,45,6
1099,Water - Spring 1.5lit,10,1
1100,Trueblue - Blueberry 12x473ml,11,3
1101,Shrimp - 31/40,22,7
1102,Wine - Sauvignon Blanc,23,7
1103,Extract Vanilla Pure,38,1
1104,Tuna - Canned  Flaked  Light,23,6
1105,Clam Nectar,25,5
1106,Black Currants,40,2
1107,Temperature Recording Station,42,2
1108,Bagel - Whole White Sesame,10,4
1109,Long Island Ice Tea,45,4
1110,Apples - Sliced / Wedge,44,3
1111,Spinach - Frozen,28,6
1112,Chicken - Breast  5 - 7 Oz,14,2
1113,Trout - Hot Smkd  Dbl Fillet,10,1
1114,Dc - Frozen Momji,45,4
1115,Jameson Irish Whiskey,34,5
1116,Juice - Ocean Spray Kiwi,17,5
1117,Venison - Striploin,32,7
1118,Sauce - Bernaise  Mix,14,4
1119,Parsley Italian - Fresh,32,4
1120,Aspic - Amber,35,2
1121,Dasheen,33,6
1122,Soup - Verve - Chipotle Chicken,30,7
1123,Kolrabi,47,3
1124,Dr. Pepper - 355ml,20,7
1125,Tomatillo,26,2
1126,Cake - Miini Cheesecake Cherry,20,5
1127,Potatoes - Parissienne,42,5
1128,Kaffir Lime Leaves,19,1
1129,Trout - Rainbow  Frozen,35,4
1130,Wine - White  Lindemans Bin 95,11,3
1131,Icecream Cone - Areo Chocolate,41,4
1132,Bread - Sticks  Thin  Plain,24,2
1133,Bar Energy Chocchip,27,1
1134,Wine - Champagne Brut Veuve,35,2
1135,Butter Ripple - Phillips,49,5
1136,Dip - Tapenade,20,7
1137,Pineapple - Golden,23,3
1138,Muffin Batt - Choc Chk,37,7
1139,White Baguette,10,4
1140,Pork - Shoulder,18,2
1141,Tray - Foam  Square 4 - S,16,7
1142,Gatorade - Fruit Punch,17,5
1143,Muffin - Zero Transfat,39,6
1144,Bread - Roll  Italian,18,4
1145,Anchovy In Oil,13,5
1146,Flour - Masa De Harina Mexican,11,5
1147,Marjoram - Dried  Rubbed,23,7
1148,Beer - Upper Canada Light,25,3
1149,Shrimp - 150 - 250,13,7
1150,Pancetta,28,1
1151,Venison - Liver,42,4
1152,Grapefruit - White,49,4
1153,Appetizer - Cheese Bites,33,5
1154,Mackerel Whole Fresh,32,1
1155,Cheese - Sheep Milk,22,6
1156,Russian Prince,12,5
1157,Croissants Thaw And Serve,41,3
1158,Cheese - La Sauvagine,36,1
1159,Steam Pan - Half Size Deep,47,3
1160,Cup - Paper 10oz 92959,39,6
1161,Soup - French Onion,15,7
1162,Wine - Guy Sage Touraine,14,6
1163,Cinnamon - Stick,37,1
1164,Tart - Raisin And Pecan,44,6
1165,Ezy Change Mophandle,13,5
1166,Barramundi,32,2
1167,Pasta - Elbows  Macaroni  Dry,28,2
1168,Ecolab - Hand Soap Form Antibac,40,4
1169,Flour Pastry Super Fine,46,5
1170,Longos - Chicken Wings,43,3
1171,Calypso - Pineapple Passion,10,1
1172,Wiberg Cure,24,4
1173,Flour Pastry Super Fine,16,2
1174,Bananas,19,4
1175,Wine - Vovray Sec Domaine Huet,44,1
1176,Bread - Pumpernickle  Rounds,34,2
1177,Yogurt - Strawberry  175 Gr,29,2
1178,Cheese - Comtomme,17,5
1179,Rum - Cream  Amarula,34,3
1180,Wine - Magnotta  Merlot Sr Vqa,17,7
1181,Pastry - Raisin Muffin - Mini,29,3
1182,Pasta - Lasagna Noodle  Frozen,23,2
1183,Vodka - Moskovskaya,33,7
1184,Juice - V8  Tomato,30,2
1185,Rice Wine - Aji Mirin,30,4
1186,Mop Head - Cotton  24 Oz,37,5
1187,Potatoes - Yukon Gold 5 Oz,41,1
1188,Pepper - Cayenne,10,3
1189,Juice - Pineapple  48 Oz,38,7
1190,Magnotta - Bel Paese White,12,3
1191,Coffee - Flavoured,18,3
1192,Wine - Semi Dry Riesling Vineland,40,3
1193,Cake - Lemon Chiffon,14,2
1194,Nantuket Peach Orange,36,2
1195,Coffee - Colombian  Portioned,10,6
1196,Cheese Cloth No 60,41,2
1197,Jam - Raspberry jar,44,7
1198,Pancetta,38,6
1199,Wine - Zonnebloem Pinotage,46,3
1200,Nut - Pecan  Pieces,25,1
1201,Seedlings - Clamshell,35,1
1202,Pork - Tenderloin  Fresh,42,5
1203,Cookies - Englishbay Chochip,15,5
1204,Pork Casing,25,7
1205,Coffee - Irish Cream,36,6
1206,Puree - Passion Fruit,17,7
1207,Wine - Carmenere Casillero Del,38,5
1208,Wine - Casillero Del Diablo,18,4
1209,Juice - Orange  341 Ml,28,1
1210,Raspberries - Fresh,19,5
1211,General Purpose Trigger,22,4
1212,Hipnotiq Liquor,43,5
1213,Wine - Zinfandel Rosenblum,23,5
1214,Kellogs Cereal In A Cup,33,3
1215,Lettuce - Romaine  Heart,17,1
1216,Stock - Beef  Brown,12,2
1217,Juice - Grape  White,32,2
1218,Dried Peach,34,3
1219,Chocolate Liqueur - Godet White,31,1
1220,Apricots - Dried,14,7
1221,Wine - White  Mosel Gold,43,7
1222,Pastry - Mini French Pastries,46,3
1223,Beef - Top Sirloin,30,3
1224,Beans - Yellow,33,2
1225,Kiwano,17,7
1226,Jack Daniels,43,3
1227,Bread - Roll  Soft White Round,45,2
1228,Cheese - Pied De Vents,50,4
1229,Beef - Tenderloin,12,2
1230,Salmon - Smoked  Sliced,41,5
1231,The Pop Shoppe - Grape,36,4
1232,Pepper - Julienne  Frozen,34,1
1233,Lettuce - Red Leaf,47,5
1234,Peas - Frozen,44,2
1235,Muffin - Mix - Creme Brule 15l,47,1
1236,Muffin Hinge Container 6,35,3
1237,Nut - Peanut  Roasted,48,5
1238,Pepper - Scotch Bonnet,41,3
1239,Mangoes,37,2
1240,Sauce - Roasted Red Pepper,44,2
1241,Ocean Spray - Ruby Red,31,4
1242,Wine - Sauvignon Blanc Oyster,41,5
1243,Extract - Raspberry,15,4
1244,Cheese Cloth No 60,43,2
1245,Tea - Vanilla Chai,21,1
1246,Fondant - Icing,17,7
1247,Vol Au Vents,42,5
1248,Oregano - Fresh,42,2
1249,Juice - Happy Planet,46,2
1250,Mace Ground,33,6
1251,Longos - Chicken Curried,43,1
1252,Tomato - Plum With Basil,45,1
1253,Shrimp - Baby  Cold Water,33,7
1254,Mini - Vol Au Vents,37,7
1255,Soup - Campbells Broccoli,40,4
1256,Crackers - Graham,50,1
1257,Pomegranates,23,4
1258,Longos - Lasagna Beef,47,4
1259,Tomato - Tricolor Cherry,46,4
1260,Nutmeg - Ground,24,6
1261,Cookie - Oreo 100x2,21,4
1262,Truffle Paste,46,3
1263,Cookies - Englishbay Chochip,12,1
1264,Wine - Charddonnay Errazuriz,20,4
1265,Soup - Beef Conomme  Dry,49,2
1266,Soup - Verve - Chipotle Chicken,20,3
1267,Muffin Mix - Raisin Bran,36,6
1268,Cinnamon - Ground,30,3
1269,Cake - Mini Potato Pancake,49,1
1270,Graham Cracker Mix,45,7
1271,Pecan Raisin - Tarts,10,7
1272,Mushroom - Lg - Cello,38,4
1273,Table Cloth - 53x69 Colour,20,6
1274,Pork Loin Bine - In Frenched,49,5
1275,Tea - Grapefruit Green Tea,42,1
1276,Grapes - Black,26,6
1277,Rum - White  Gg White,38,1
1278,Bacardi Breezer - Tropical,48,6
1279,Cheese Cloth,33,4
1280,Muffin - Banana Nut Individual,29,5
1281,Puree - Blackcurrant,20,4
1282,Nut - Pine Nuts  Whole,42,3
1283,Yogurt - Strawberry  175 Gr,43,4
1284,Lettuce - Romaine  Heart,39,1
1285,Madeira,40,4
1286,Salt - Sea,13,7
1287,Radish - Black  Winter  Organic,31,3
1288,Muffin - Mix - Bran And Maple 15l,26,4
1289,Hipnotiq Liquor,50,3
1290,Jagermeister,15,5
1291,Trueblue - Blueberry,16,2
1292,Table Cloth 54x72 Colour,22,6
1293,Cake - Mini Potato Pancake,13,4
1294,Cheese - Comte,29,3
1295,Wine - Maipo Valle Cabernet,32,5
1296,Lighter - Bbq,45,7
1297,Tea - Jasmin Green,29,6
1298,Lettuce - Sea / Sea Asparagus,45,3
1299,Triple Sec - Mcguinness,29,2
1300,Bread - Multigrain,16,3
1301,Beef - Top Butt Aaa,11,6
1302,Pepper - Green Thai,45,2
1303,Thyme - Dried,37,4
1304,Salmon - Atlantic  Fresh  Whole,23,6
1305,Lettuce - Romaine,13,7
1306,Crab Brie In Phyllo,48,6
1307,Island Oasis - Wildberry,19,5
1308,Vegetable - Base,13,3
1309,Juice - Ocean Spray Kiwi,32,5
1310,Soup - Verve - Chipotle Chicken,50,6
1311,Beef - Bresaola,13,7
1312,Venison - Ground,44,3
1313,Rice - Jasmine Sented,24,7
1314,Strawberries,33,4
1315,Syrup - Monin  Swiss Choclate,50,7
1316,Beef Cheek Fresh,17,5
1317,Beef - Rib Eye Aaa,22,4
1318,Flour - Corn  Fine,48,5
1319,Mortadella,36,4
1320,Turnip - Wax,29,2
1321,Tofu - Firm,18,6
1322,Radish - Black  Winter  Organic,19,1
1323,Aspic - Light,44,2
1324,Cheese - Ermite Bleu,43,6
1325,Soup - Chicken And Wild Rice,41,4
1326,Mushroom Morel Fresh,35,1
1327,Olives - Green  Pitted,43,4
1328,Lid - 0090 Clear,44,7
1329,Sauce - Soy Low Sodium - 3.87l,42,2
1330,The Pop Shoppe - Cream Soda,36,7
1331,Bagel - Everything Presliced,37,5
1332,Oil - Hazelnut,17,2
1333,Seedlings - Buckwheat  Organic,24,5
1334,Crab - Blue  Frozen,34,3
1335,Schnappes - Peach  Walkers,36,5
1336,Plate Pie Foil,25,7
1337,Rambutan,44,2
1338,Samosa - Veg,16,3
1339,Veal - Ground,40,1
1340,Soup Campbells Turkey Veg.,11,7
1341,Wiberg Cure,29,5
1342,Savory,36,5
1343,Wine - Shiraz Wolf Blass Premium,16,1
1344,Bread Base - Italian,23,3
1345,Spice - Onion Powder Granulated,50,3
1346,Pants Custom Dry Clean,29,2
1347,Aspic - Amber,35,3
1348,Ice Cream Bar - Drumstick,35,3
1349,Wine - Lou Black Shiraz,40,2
1350,Cream - 18%,23,2
1351,Huck Towels White,15,3
1352,Bacardi Breezer - Strawberry,25,5
1353,Red Pepper Paste,43,4
1354,The Pop Shoppe - Root Beer,17,6
1355,Chinese Foods - Cantonese,43,7
1356,Scallops 60/80 Iqf,29,4
1357,Wine - Segura Viudas Aria Brut,14,6
1358,Coffee Caramel Biscotti,26,6
1359,Stock - Beef  Brown,35,7
1360,Star Anise  Whole,27,4
1361,Sauce Bbq Smokey,48,3
1362,Cookie - Oatmeal,40,2
1363,Cauliflower,30,3
1364,Quail - Whole  Boneless,49,2
1365,Carbonated Water - Wildberry,34,5
1366,Pheasants - Whole,33,7
1367,Couscous,48,4
1368,Sugar - Sweet N Low  Individual,35,4
1369,Jolt Cola - Red Eye,19,4
1370,Nantucket - 518ml,11,2
1371,Flavouring Vanilla Artificial,31,4
1372,Bag - Bread  White  Plain,10,6
1373,Creme De Menth - White,24,1
1374,Wine - Coteaux Du Tricastin Ac,45,5
1375,Sprite - 355 Ml,26,6
1376,Wine - Savigny - Les - Beaune,33,3
1377,Soup - Campbells  Chix Gumbo,43,3
1378,Juice - Grape  White,15,2
1379,Oil - Food  Lacquer Spray,28,7
1380,Pepsi - Diet  355 Ml,34,2
1381,Beef - Ox Tongue,32,7
1382,Wine - Harrow Estates  Vidal,38,3
1383,Creme De Cacao Mcguines,36,1
1384,Mix - Cappucino Cocktail,23,2
1385,Wine - Savigny - Les - Beaune,10,2
1386,Sage Ground Wiberg,10,5
1387,Veal - Shank  Pieces,48,2
1388,Soup - Campbells Asian Noodle,32,1
1389,Pail - 15l White  With Handle,18,1
1390,Phyllo Dough,15,6
1391,Pork Ham Prager,26,5
1392,Soap - Mr.clean Floor Soap,33,1
1393,Blue Curacao - Marie Brizard,31,4
1394,Wine - White  Pelee Island,42,3
1395,Cheese - St. Andre,13,1
1396,Bread - Rolls  Corn,23,1
1397,Bread - Petit Baguette,47,1
1398,Wine - Chateau Bonnet,15,7
1399,Eggplant Oriental,30,1
1400,Honey - Comb,39,3
1401,Beer - Labatt Blue,37,2
1402,Glaze - Apricot,23,1
1403,Coke - Classic  355 Ml,34,7
1404,Lamb - Pieces  Diced,23,2
1405,Wine - Ruffino Chianti,27,7
1406,Strawberries,31,4
1407,Appetizer - Asian Shrimp Roll,21,4
1408,Bread - Ciabatta Buns,27,5
1409,Syrup - Monin - Granny Smith,39,7
1410,Brandy Cherry - Mcguinness,47,2
1411,Pork - Loin  Center Cut,11,3
1412,Pop Shoppe Cream Soda,35,5
1413,Lamb - Shoulder  Boneless,27,6
1414,Wine - Maipo Valle Cabernet,50,1
1415,Ecolab - Hobart Washarm End Cap,39,3
1416,Wine - White  Riesling  Henry Of,12,6
1417,Appetizer - Southwestern,14,7
1418,Beef - Tongue  Fresh,40,3
1419,Isomalt,42,3
1420,Cheese - Provolone,49,6
1421,Wine - Black Tower Qr,46,1
1422,Salmon - Canned,20,2
1423,Chocolate - White,30,1
1424,Pail For Lid 1537,16,2
1425,Chicken - Whole Roasting,14,3
1426,Juice - Lime,40,3
1427,Dry Ice,22,2
1428,Jagermeister,31,4
1429,Chips - Assorted,37,6
1430,Tart - Pecan Butter Squares,41,5
1431,Blackberries,48,7
1432,Thyme - Lemon  Fresh,42,6
1433,Banana Turning,27,4
1434,V8 Splash Strawberry Banana,38,2
1435,Chicken Giblets,16,5
1436,Wasabi Powder,32,4
1437,Muffin Mix - Raisin Bran,42,3
1438,Chicken - Whole Fryers,49,2
1439,Muffin Batt - Carrot Spice,25,1
1440,Coffee - Almond Amaretto,31,1
1441,Lettuce - Radicchio,47,2
1442,Pork - Loin  Bone - In,39,4
1443,Muffin Carrot - Individual,30,3
1444,Gingerale - Schweppes  355 Ml,49,2
1445,Muffin - Carrot Individual Wrap,27,4
1446,Squash - Butternut,42,1
1447,Mustard - Dry  Powder,33,7
1448,Cheese - Romano  Grated,20,2
1449,Table Cloth 62x114 Colour,14,2
1450,Pasta - Canelloni,16,5
1451,Sauce - Roasted Red Pepper,41,6
1452,Food Colouring - Blue,12,2
1453,Plate - Foam  Bread And Butter,13,2
1454,Pork - Sausage Casing,46,5
1455,Cake - Mini Potato Pancake,14,6
1456,Extract - Lemon,40,1
1457,Fennel,24,3
1458,Pastry - Choclate Baked,40,2
1459,Wiberg Cure,19,2
1460,Ecolab - Mikroklene 4/4 L,19,7
1461,Sugar - Cubes,33,4
1462,Bag - Bread  White  Plain,38,1
1463,Wine - Pinot Noir Pond Haddock,13,1
1464,Wine - Chianti Classico Riserva,19,1
1465,Lamb - Loin  Trimmed  Boneless,34,2
1466,Magnotta Bel Paese Red,28,1
1467,Cherries - Frozen,46,6
1468,Pepper - Roasted Red,13,5
1469,Dawn Professionl Pot And Pan,29,5
1470,Wine - Cava Aria Estate Brut,24,4
1471,Coffee - Almond Amaretto,19,6
1472,Lentils - Green  Dry,16,1
1473,Blackberries,26,7
1474,Island Oasis - Pina Colada,37,6
1475,Cardamon Ground,28,5
1476,Shopper Bag - S - 4,34,2
1477,Zucchini - Green,21,5
1478,Pails With Lids,36,3
1479,Bread - Malt,29,2
1480,Capon - Whole,22,6
1481,Wine - Chenin Blanc K.w.v.,32,4
1482,Alize Sunset,18,5
1483,Marjoram - Dried  Rubbed,27,3
1484,Chocolate - Sugar Free Semi Choc,17,6
1485,Apple - Fuji,20,1
1486,Sauce - Gravy  Au Jus  Mix,12,6
1487,Spinach - Spinach Leaf,45,5
1488,Marjoram - Dried  Rubbed,29,3
1489,Muffin Mix - Raisin Bran,49,2
1490,Coffee - Colombian  Portioned,30,4
1491,Cheese - Mozzarella,23,1
1492,Shrimp - Black Tiger 6 - 8,50,2
1493,Sorrel - Fresh,31,3
1494,Pepper - Cayenne,16,7
1495,Wine - Magnotta - Cab Franc,40,2
1496,Rootbeer,24,7
1497,Baking Soda,38,5
1498,Wine - White  Ej,27,6
1499,Mini - Vol Au Vents,10,5
1500,Wine - Chianti Classica Docg,27,5
